{
  "project_info": {
    "project_number": "8026392722",
    "firebase_url": "https://myfyp-46319-default-rtdb.firebaseio.com",
    "project_id": "myfyp-46319",
    "storage_bucket": "myfyp-46319.firebasestorage.app"
  },
  "client": [
    {
      "client_info": {
        "mobilesdk_app_id": "1:8026392722:android:36739dfc432168b4c67e4b",
        "android_client_info": {
          "package_name": "com.example.fyp"
        }
      },
      "oauth_client": [],
      "api_key": [
        {
          "current_key": "AIzaSyBpFcCKL8kteLV_BjoQsgw_-iUJdzzUfI8"
        }
      ],
      "services": {
        "appinvite_service": {
          "other_platform_oauth_client": []
        }
      }
    }
  ],
  "configuration_version": "1"
}